/primary/browse-by-subject/childrens-titles,primary,childrens-titles,childrens-titles
/primary/browse-by-subject/english,primary,english,english
/primary/browse-by-subject/handwriting,primary,handwriting,handwriting
/primary/browse-by-subject/humanities-and-social-science,primary,humanities-and-social-science,humanities-and-social-science
/primary/browse-by-subject/language,primary,language,language
/primary/browse-by-subject/literacy,primary,literacy,literacy
/primary/browse-by-subject/mathematics,primary,mathematics,mathematics
/primary/browse-by-subject/phonics,primary,phonics,phonics
/primary/browse-by-series/maths-plus,primary,maths-plus,maths-plus
/primary/browse-by-series/oxford-maths,primary,oxford-maths,oxford-maths
/primary/browse-by-series/numicon,primary,numicon,numicon
/primary/browse-by-series/oxford-literacy,primary,oxford-literacy,oxford-literacy
/primary/browse-by-series/oxford-reading-tree,primary,oxford-reading-tree,oxford-reading-tree
/primary/browse-by-series/treetops,primary,treetops,treetops
/primary/browse-by-series/read-write-inc,primary,read-write-inc,read-write-inc
/primary/browse-by-series/oxford-handwriting,primary,oxford-handwriting,oxford-handwriting
/primary/browse-by-series/ozbox,primary,ozbox,ozbox
/secondary/browse-by-subject/business-and-legal,secondary,business-and-legal,business-and-legal
/secondary/browse-by-subject/english,secondary,english,english
/secondary/browse-by-subject/humanities,secondary,humanities,humanities
/secondary/browse-by-subject/languages,secondary,languages,languages
/secondary/browse-by-subject/mathematics,secondary,mathematics,mathematics
/secondary/browse-by-subject/science,secondary,science,science
/secondary/browse-by-subject/international-baccalaureate,secondary,international-baccalaureate,international-baccalaureate
/secondary/browse-by-series/big-ideas-history,secondary,big-ideas-history,big-ideas-history
/secondary/browse-by-series/big-ideas-humanities,secondary,big-ideas-humanities,big-ideas-humanities
/secondary/browse-by-series/oxford-science,secondary,oxford-science,oxford-science
/secondary/browse-by-series/insight-science,secondary,insight-science,insight-science
/secondary/browse-by-series/insight-history,secondary,insight-history,insight-history
/secondary/browse-by-series/insight-geography,secondary,insight-geography,insight-geography
/secondary/browse-by-series/my-maths,secondary,my-maths,my-maths
/secondary/browse-by-series/myenglish,secondary,myenglish,myenglish
/secondary/browse-by-series/big-idea-geography,secondary,big-idea-geography,big-idea-geography
/higher-education/browse-by-subject/education,higher-education,education,education
/higher-education/browse-by-subject/health-nursing-and-social-work,higher-education,health-nursing-and-social-work,health-nursing-and-social-work
/higher-education/browse-by-subject/law,higher-education,law,law
/higher-education/browse-by-subject/management-and-marketing,higher-education,management-and-marketing,management-and-marketing
/higher-education/browse-by-subject/media-journalism-and-public-relations,higher-education,media-journalism-and-public-relations,media-journalism-and-public-relations
/higher-education/browse-by-subject/medicine,higher-education,medicine,medicine
/higher-education/browse-by-subject/psychology,higher-education,psychology,psychology
/higher-education/browse-by-subject/science,higher-education,science,science
/higher-education/browse-by-subject/social-sciences-and-research-methods,higher-education,social-sciences-and-research-methods,social-sciences-and-research-methods
/higher-education/browse-by-subject/study-skills-and-research-methods,higher-education,study-skills-and-research-methods,study-skills-and-research-methods
/higher-education/browse-by-subject/taxation,higher-education,taxation,taxation
/higher-education/browse-by-series/law-guidebook-series,higher-education,law-guidebook-series,law-guidebook-series
/higher-education/browse-by-series/oxford-medical-handbooks,higher-education,oxford-medical-handbooks,oxford-medical-handbooks
/higher-education/browse-by-series/oxford-world-classics,higher-education,oxford-world-classics,oxford-world-classics
/higher-education/browse-by-series/very-short-introductions,higher-education,very-short-introductions,very-short-introductions
/elt/browse-by-series/bookworms,elt,bookworms,bookworms
/elt/browse-by-series/business-result,elt,business-result,business-result
/elt/browse-by-series/english-file,elt,english-file,english-file
/elt/browse-by-series/english-result,elt,english-result,english-result
/elt/browse-by-series/express-series,elt,express-series,express-series
/elt/browse-by-series/headway,elt,headway,headway
/elt/browse-by-series/ielts-preparation-and-practice,elt,ielts-preparation-and-practice,ielts-preparation-and-practice
/elt/browse-by-series/key-to-eap,elt,key-to-eap,key-to-eap
/elt/browse-by-series/masterclass,elt,masterclass,masterclass
/elt/browse-by-series/navigate,elt,navigate,navigate
/elt/browse-by-series/on-course-for-ielts,elt,on-course-for-ielts,on-course-for-ielts
/elt/browse-by-series/read-it-write-it,elt,read-it-write-it,read-it-write-it
/elt/browse-by-type/adult-courses,elt,adult-courses,adult-courses
/elt/browse-by-type/dictionaries,elt,dictionaries,dictionaries
/elt/browse-by-type/eap,elt,eap,eap
/elt/browse-by-type/examinations,elt,examinations,examinations
/elt/browse-by-type/graded-readers,elt,graded-readers,graded-readers
/elt/browse-by-type/grammar,elt,grammar,grammar
/elt/browse-by-type/monolingual-dictionaries,elt,monolingual-dictionaries,monolingual-dictionaries
/elt/browse-by-type/primary-courses,elt,primary-courses,primary-courses
/elt/browse-by-type/secondary-courses,elt,secondary-courses,secondary-courses
/elt/browse-by-type/skill-books,elt,skill-books,skill-books
/png-pacific/browse-by-subject/business-and-agriculture,png-pacific,business-and-agriculture,business-and-agriculture
/png-pacific/browse-by-subject/design-and-technology,png-pacific,design-and-technology,design-and-technology
/png-pacific/browse-by-subject/dictionaries-and-reference,png-pacific,dictionaries-and-reference,dictionaries-and-reference
/png-pacific/browse-by-subject/english-and-language,png-pacific,english-and-language,english-and-language
/png-pacific/browse-by-subject/geography,png-pacific,geography,geography
/png-pacific/browse-by-subject/history,png-pacific,history,history
/png-pacific/browse-by-subject/mathematics,png-pacific,mathematics,mathematics
/png-pacific/browse-by-subject/personal-development-and-health,png-pacific,personal-development-and-health,personal-development-and-health
/png-pacific/browse-by-subject/science,png-pacific,science,science
/png-pacific/browse-by-subject/social-science,png-pacific,social-science,social-science
/png-pacific/browse-by-series/elementary-english-program,png-pacific,elementary-english-program,elementary-english-program
/png-pacific/browse-by-series/save-buk,png-pacific,save-buk,save-buk
/png-pacific/browse-by-series/the-pacific-series,png-pacific,the-pacific-series,the-pacific-series
/png-pacific/browse-by-series/atlases,png-pacific,atlases,atlases
/png-pacific/browse-by-series/dictionaries,png-pacific,dictionaries,dictionaries
/png-pacific/browse-by-series/life-skills-in-the-pacific,png-pacific,life-skills-in-the-pacific,life-skills-in-the-pacific
/png-pacific/browse-by-series/health-for-the-pacific,png-pacific,health-for-the-pacific,health-for-the-pacific
/dictionaries/browse-by-level/primary,dictionaries,primary,primary
/dictionaries/browse-by-level/secondary,dictionaries,secondary,secondary
/dictionaries/browse-by-level/home-and-office,dictionaries,home-and-office,home-and-office
/dictionaries/browse-by-type/lexical-reference,dictionaries,lexical-reference,lexical-reference
/dictionaries/browse-by-type/bilingual-dictionaries,dictionaries,bilingual-dictionaries,bilingual-dictionaries
