/primary/english,primary,english,english
/primary/english/english_course_books,primary,english,english_course_books
/primary/english/grammar,primary,english,grammar
/primary/english/spelling,primary,english,spelling
/primary/english/writing,primary,english,writing
/primary/english/comprehension,primary,english,comprehension
/primary/english/hanbooks,primary,english,hanbooks
/primary/english/sample_pages,primary,english,sample_pages
/primary/handwriting,primary,handwriting,handwriting
/primary/handwriting/handwriting_for_nsw,primary,handwriting,handwriting_for_nsw
/primary/handwriting/handwriting_for_victoria,primary,handwriting,handwriting_for_victoria
/primary/handwriting/handwriting_for_qld,primary,handwriting,handwriting_for_qld
/primary/handwriting/western_australia,primary,handwriting,western_australia
/primary/handwriting/sample_pages,primary,handwriting,sample_pages
/primary/literacy,primary,literacy,literacy
/primary/literacy/oxford_literacy_series,primary,literacy,oxford_literacy_series
/primary/literacy/yarning_strong,primary,literacy,yarning_strong
/primary/literacy/phonics,primary,literacy,phonics
/primary/literacy/project_x,primary,literacy,project_x
/primary/literacy/oxford_reading_tree,primary,literacy,oxford_reading_tree
/primary/literacy/treetops,primary,literacy,treetops
/primary/literacy/the_glitterlings,primary,literacy,the_glitterlings
/primary/literacy/sample_pages,primary,literacy,sample_pages
/primary/childrens,primary,childrens,childrens
/primary/childrens/picture_books,primary,childrens,picture_books
/primary/childrens/picture_books2,primary,childrens,picture_books2
/primary/childrens/young_fiction_ages_5_8,primary,childrens,young_fiction_ages_5_8
/primary/childrens/older_fiction_ages_9-11,primary,childrens,older_fiction_ages_9-11
/primary/childrens/pippi_longstocking,primary,childrens,pippi_longstocking
/primary/childrens/childrens_catalogue_2016,primary,childrens,childrens_catalogue_2016
/primary/hsg,primary,hsg,hsg
/primary/hsg/student_atlases,primary,hsg,student_atlases
/primary/hsg/ozbox,primary,hsg,ozbox
/primary/hsg/sample_pages2,primary,hsg,sample_pages2
/primary/languages,primary,languages,languages
/primary/languages/french,primary,languages,french
/primary/languages/arabic_club_readers,primary,languages,arabic_club_readers
/primary/languages/glitterlings,primary,languages,glitterlings
/primary/mathematics,primary,mathematics,mathematics
/primary/mathematics/maths_plus,primary,mathematics,maths_plus
/primary/mathematics/oxford_maths,primary,mathematics,oxford_maths
/primary/mathematics/advanced_primary_maths_3rd_edition,primary,mathematics,advanced_primary_maths_3rd_edition
/primary/mathematics/assessment_and_reference,primary,mathematics,assessment_and_reference
/primary/mathematics/handbooks,primary,mathematics,handbooks
/primary/mathematics/sample_pages,primary,mathematics,sample_pages
/primary/numicon,primary,numicon,numicon
/primary/numicon/what_is_numicon,primary,numicon,what_is_numicon
/primary/numicon/numicon_research,primary,numicon,numicon_research
/primary/numicon/numicon_resources,primary,numicon,numicon_resources
/primary/numicon/professional_development,primary,numicon,professional_development
/primary/numicon/contact_us,primary,numicon,contact_us
/primary/reference,primary,reference,reference
/primary/reference/oxford_dictionary_project,primary,reference,oxford_dictionary_project
/primary/reference/australian_dictionaries_and_thesauruses2,primary,reference,australian_dictionaries_and_thesauruses2
/primary/reference/new_zealand_dictionaries_and_thesauruses2,primary,reference,new_zealand_dictionaries_and_thesauruses2
/primary/reference/sample_pages2,primary,reference,sample_pages2
/primary/professional_support,primary,professional_support,professional_support
/primary/professional_support/professional_support_sessions,primary,professional_support,professional_support_sessions
/primary/professional_support/educator_support_material,primary,professional_support,educator_support_material
/primary/professional_support/research,primary,professional_support,research
/primary/professional_support/contact_professional_support,primary,professional_support,contact_professional_support
/primary/professional_support/the_oxford_professional_teachers_bookshelf,primary,professional_support,the_oxford_professional_teachers_bookshelf
/primary/sample_pages,primary,sample_pages,sample_pages
/primary/sample_pages/mathematics,primary,sample_pages,mathematics
/primary/sample_pages/english,primary,sample_pages,english
/primary/sample_pages/handwriting,primary,sample_pages,handwriting
/primary/sample_pages/literacy,primary,sample_pages,literacy
/primary/sample_pages/professional_support,primary,sample_pages,professional_support
/primary/sample_pages/reference,primary,sample_pages,reference
/secondary/english,secondary,english,english
/secondary/english/English,secondary,english,English
/secondary/english/Senior,secondary,english,Senior
/secondary/english/skills,secondary,english,skills
/secondary/english/Drama_Shakespeare,secondary,english,Drama_Shakespeare
/secondary/english/Novels_and_Literature,secondary,english,Novels_and_Literature
/secondary/english/anthologies-poetry,secondary,english,anthologies-poetry
/secondary/mathematics,secondary,mathematics,mathematics
/secondary/mathematics/junior-mathematics,secondary,mathematics,junior-mathematics
/secondary/mathematics/Senior_Mathematics,secondary,mathematics,Senior_Mathematics
/secondary/mathematics/MyMaths,secondary,mathematics,MyMaths
/secondary/science,secondary,science,science
/secondary/science/junior-science,secondary,science,junior-science
/secondary/science/senior_science,secondary,science,senior_science
/secondary/science/psychology,secondary,science,psychology
/secondary/history,secondary,history,history
/secondary/history/junior-history,secondary,history,junior-history
/secondary/history/senior_history,secondary,history,senior_history
/secondary/geography,secondary,geography,geography
/secondary/geography/geography,secondary,geography,geography
/secondary/geography/senior-geography,secondary,geography,senior-geography
/secondary/geography/atlases,secondary,geography,atlases
/secondary/business_civics_legal,secondary,business_civics_legal,business_civics_legal
/secondary/business_civics_legal/business_civics_legal,secondary,business_civics_legal,business_civics_legal
/secondary/business_civics_legal/legal_studies,secondary,business_civics_legal,legal_studies
/secondary/health_and_physical_education,secondary,health_and_physical_education,health_and_physical_education
/secondary/health_and_physical_education/physical_education,secondary,health_and_physical_education,physical_education
/secondary/technology,secondary,technology,technology
/secondary/technology/food_technology,secondary,technology,food_technology
/secondary/technology/textiles_design_and_technology,secondary,technology,textiles_design_and_technology
/secondary/lote,secondary,lote,lote
/secondary/lote/bilingual_dictionaries,secondary,lote,bilingual_dictionaries
/secondary/lote/chinese,secondary,lote,chinese
/secondary/lote/french,secondary,lote,french
/secondary/lote/german,secondary,lote,german
/secondary/lote/indonesian,secondary,lote,indonesian
/secondary/lote/italian,secondary,lote,italian
/secondary/lote/japanese,secondary,lote,japanese
/secondary/lote/latin,secondary,lote,latin
/secondary/lote/spanish,secondary,lote,spanish
/secondary/religion,secondary,religion,religion
/secondary/dictionaries_and_thesauruses2,secondary,dictionaries_and_thesauruses2,dictionaries_and_thesauruses2
/secondary/dictionaries_and_thesauruses2/australian_dictionaries_and_thesauruses2,secondary,dictionaries_and_thesauruses2,australian_dictionaries_and_thesauruses2
/secondary/dictionaries_and_thesauruses2/bilingual_dictionaries,secondary,dictionaries_and_thesauruses2,bilingual_dictionaries
/secondary/dictionaries_and_thesauruses2/new_zealand_dictionaries_and_thesauruses2,secondary,dictionaries_and_thesauruses2,new_zealand_dictionaries_and_thesauruses2
/secondary/international_baccalaureate,secondary,international_baccalaureate,international_baccalaureate
/secondary/international_baccalaureate/individuals_societies,secondary,international_baccalaureate,individuals_societies
/secondary/international_baccalaureate/languageA,secondary,international_baccalaureate,languageA
/secondary/international_baccalaureate/languages,secondary,international_baccalaureate,languages
/secondary/international_baccalaureate/mathematics,secondary,international_baccalaureate,mathematics
/secondary/international_baccalaureate/science,secondary,international_baccalaureate,science
/secondary/international_baccalaureate/theory_of_knowledge,secondary,international_baccalaureate,theory_of_knowledge
/secondary/cambridge,secondary,cambridge,cambridge
/secondary/cambridge/IGCSE-English,secondary,cambridge,IGCSE-English
/secondary/cambridge/IGCSE-Science,secondary,cambridge,IGCSE-Science
/secondary/cambridge/IGCSE-Maths,secondary,cambridge,IGCSE-Maths
/secondary/cambridge/IGCSE-History,secondary,cambridge,IGCSE-History
/secondary/cambridge/IGCSE-Commerce,secondary,cambridge,IGCSE-Commerce
/secondary/cambridge/IGCSE-Geography,secondary,cambridge,IGCSE-Geography
/secondary/cambridge/IGCSE-ICT,secondary,cambridge,IGCSE-ICT
/secondary/professional_support,secondary,professional_support,professional_support
/secondary/professional_support/workshops,secondary,professional_support,workshops
/secondary/professional_support/OEC,secondary,professional_support,OEC
/secondary/professional_support/presenters,secondary,professional_support,presenters
/secondary/professional_support/conferences,secondary,professional_support,conferences
/secondary/sample_pages,secondary,sample_pages,sample_pages
/secondary/sample_pages/geography3,secondary,sample_pages,geography3
/secondary/sample_pages/English,secondary,sample_pages,English
/secondary/sample_pages/geography,secondary,sample_pages,geography
/secondary/sample_pages/history,secondary,sample_pages,history
/secondary/sample_pages/humanities,secondary,sample_pages,humanities
/secondary/sample_pages/legal_studies,secondary,sample_pages,legal_studies
/secondary/sample_pages/mathematics,secondary,sample_pages,mathematics
/secondary/sample_pages/science,secondary,sample_pages,science
/higher_education/highereducation,higher_education,highereducation,highereducation
/higher_education/highereducation/lecturerfaq,higher_education,highereducation,lecturerfaq
/higher_education/highereducation/studentfaq,higher_education,highereducation,studentfaq
/higher_education/highereducation/customcontent,higher_education,highereducation,customcontent
/higher_education/highereducation/ebooks,higher_education,highereducation,ebooks
/higher_education/highereducation/oxfordascend,higher_education,highereducation,oxfordascend
/higher_education/business_and_marketing,higher_education,business_and_marketing,business_and_marketing
/higher_education/business_and_marketing/business_and_management,higher_education,business_and_marketing,business_and_management
/higher_education/business_and_marketing/economics_and_finance,higher_education,business_and_marketing,economics_and_finance
/higher_education/business_and_marketing/marketing,higher_education,business_and_marketing,marketing
/higher_education/business_and_marketing/public_relations,higher_education,business_and_marketing,public_relations
/higher_education/business_and_marketing/taxation,higher_education,business_and_marketing,taxation
/higher_education/education,higher_education,education,education
/higher_education/education/teacher_education,higher_education,education,teacher_education
/higher_education/education/early_childhood_education,higher_education,education,early_childhood_education
/higher_education/education/literacy_and_language,higher_education,education,literacy_and_language
/higher_education/education/maths_and_science,higher_education,education,maths_and_science
/higher_education/education/teacher_education_student_panel,higher_education,education,teacher_education_student_panel
/higher_education/health_sciences_and_nursing/health_sciences,higher_education,health_sciences_and_nursing,health_sciences
/higher_education/health_sciences_and_nursing/nursing,higher_education,health_sciences_and_nursing,nursing
/higher_education/health_sciences_and_nursing/psychology,higher_education,health_sciences_and_nursing,psychology
/higher_education/health_sciences_and_nursing/socialwork,higher_education,health_sciences_and_nursing,socialwork
/higher_education/health_sciences_and_nursing/oxford_medical_handbooks,higher_education,health_sciences_and_nursing,oxford_medical_handbooks
/higher_education/social_sciences/criminology,higher_education,social_sciences,criminology
/higher_education/social_sciences/history,higher_education,social_sciences,history
/higher_education/social_sciences/politics,higher_education,social_sciences,politics
/higher_education/social_sciences/sociology,higher_education,social_sciences,sociology
/higher_education/law,higher_education,law,law
/higher_education/law/law_textbooks,higher_education,law,law_textbooks
/higher_education/law/law_textbooks_new_zealand,higher_education,law,law_textbooks_new_zealand
/higher_education/law/taxation,higher_education,law,taxation
/higher_education/law/law_guidebook_series,higher_education,law,law_guidebook_series
/higher_education/law/connecting_with_law_short_film_competition,higher_education,law,connecting_with_law_short_film_competition
/higher_education/law/oxford_law_direct,higher_education,law,oxford_law_direct
/higher_education/media_and_journalism,higher_education,media_and_journalism,media_and_journalism
/higher_education/media_and_journalism/journalism,higher_education,media_and_journalism,journalism
/higher_education/media_and_journalism/media,higher_education,media_and_journalism,media
/higher_education/media_and_journalism/public_relations,higher_education,media_and_journalism,public_relations
/higher_education/chemistry_and_biosciences,higher_education,chemistry_and_biosciences,chemistry_and_biosciences
/higher_education/chemistry_and_biosciences/biosciences,higher_education,chemistry_and_biosciences,biosciences
/higher_education/chemistry_and_biosciences/chemistry,higher_education,chemistry_and_biosciences,chemistry
/higher_education/chemistry_and_biosciences/geography,higher_education,chemistry_and_biosciences,geography
/higher_education/study_skills_and_research_methods,higher_education,study_skills_and_research_methods,study_skills_and_research_methods
/elt/skills2,elt,skills2,skills2
/elt/skills2/IELTS_prep_prac,elt,skills2,IELTS_prep_prac
/elt/skills2/key_to_eap,elt,skills2,key_to_eap
/elt/skills2/on_course_for_ielts,elt,skills2,on_course_for_ielts
/elt/skills2/read_it_write_it,elt,skills2,read_it_write_it
/elt/skills2/literacy_for_elt,elt,skills2,literacy_for_elt
/elt/young_adult_and_adult_courses,elt,young_adult_and_adult_courses,young_adult_and_adult_courses
/elt/young_adult_and_adult_courses/new_headway,elt,young_adult_and_adult_courses,new_headway
/elt/young_adult_and_adult_courses/english_file,elt,young_adult_and_adult_courses,english_file
/elt/young_adult_and_adult_courses/english_file2,elt,young_adult_and_adult_courses,english_file2
/elt/young_adult_and_adult_courses/international_express,elt,young_adult_and_adult_courses,international_express
/elt/young_adult_and_adult_courses/english_for_life,elt,young_adult_and_adult_courses,english_for_life
/elt/young_adult_and_adult_courses/english_result,elt,young_adult_and_adult_courses,english_result
/elt/young_adult_and_adult_courses/natural_english,elt,young_adult_and_adult_courses,natural_english
/elt/young_adult_and_adult_courses/oup_uk,elt,young_adult_and_adult_courses,oup_uk
/elt/young_adult_and_adult_courses2,elt,young_adult_and_adult_courses2,young_adult_and_adult_courses2
/elt/young_adult_and_adult_courses2/key_to_eap,elt,young_adult_and_adult_courses2,key_to_eap
/elt/young_adult_and_adult_courses2/oxford_eap,elt,young_adult_and_adult_courses2,oxford_eap
/elt/young_adult_and_adult_courses2/headway_academic_skills,elt,young_adult_and_adult_courses2,headway_academic_skills
/elt/young_adult_and_adult_courses2/headway_academic_skills2,elt,young_adult_and_adult_courses2,headway_academic_skills2
/elt/young_adult_and_adult_courses2/headway_academic_skills3,elt,young_adult_and_adult_courses2,headway_academic_skills3
/elt/business_english_and_esp,elt,business_english_and_esp,business_english_and_esp
/elt/business_english_and_esp/business_english,elt,business_english_and_esp,business_english
/elt/business_english_and_esp/esp,elt,business_english_and_esp,esp
/elt/business_english_and_esp/grammar_and_reference,elt,business_english_and_esp,grammar_and_reference
/elt/business_english_and_esp/oup_uk,elt,business_english_and_esp,oup_uk
/elt/examinations,elt,examinations,examinations
/elt/examinations/exams_result,elt,examinations,exams_result
/elt/examinations/masterclass,elt,examinations,masterclass
/elt/examinations/practice_tests,elt,examinations,practice_tests
/elt/examinations/oxfordenglishtesting.com,elt,examinations,oxfordenglishtesting.com
/elt/examinations/oup_uk,elt,examinations,oup_uk
/elt/skills,elt,skills,skills
/elt/skills/read_it_write_it,elt,skills,read_it_write_it
/elt/skills/key_to_eap,elt,skills,key_to_eap
/elt/skills/q_skills_for_success,elt,skills,q_skills_for_success
/elt/skills/literacy_skills,elt,skills,literacy_skills
/elt/readers,elt,readers,readers
/elt/readers/oxford_bookworms_library,elt,readers,oxford_bookworms_library
/elt/readers/oup_uk,elt,readers,oup_uk
/elt/primary_and_secondary_courses,elt,primary_and_secondary_courses,primary_and_secondary_courses
/elt/dictionaries_and_reference,elt,dictionaries_and_reference,dictionaries_and_reference
/elt/grammar_and_vocabulary,elt,grammar_and_vocabulary,grammar_and_vocabulary
/elt/teacher_development_and_linguistics,elt,teacher_development_and_linguistics,teacher_development_and_linguistics
/png_pacific/elementary,png_pacific,elementary,elementary
/png_pacific/elementary/language,png_pacific,elementary,language
/png_pacific/elementary/mathematics,png_pacific,elementary,mathematics
/png_pacific/lower_primary,png_pacific,lower_primary,lower_primary
/png_pacific/lower_primary/language,png_pacific,lower_primary,language
/png_pacific/lower_primary/mathematics,png_pacific,lower_primary,mathematics
/png_pacific/upper_primary,png_pacific,upper_primary,upper_primary
/png_pacific/upper_primary/language,png_pacific,upper_primary,language
/png_pacific/upper_primary/mathematics,png_pacific,upper_primary,mathematics
/png_pacific/upper_primary/personal_development_and_health,png_pacific,upper_primary,personal_development_and_health
/png_pacific/upper_primary/making_a_living,png_pacific,upper_primary,making_a_living
/png_pacific/upper_primary/social_science,png_pacific,upper_primary,social_science
/png_pacific/upper_primary/science,png_pacific,upper_primary,science
/png_pacific/lower_secondary,png_pacific,lower_secondary,lower_secondary
/png_pacific/lower_secondary/language,png_pacific,lower_secondary,language
/png_pacific/lower_secondary/mathematics,png_pacific,lower_secondary,mathematics
/png_pacific/lower_secondary/personal_development_and_health,png_pacific,lower_secondary,personal_development_and_health
/png_pacific/lower_secondary/social_science,png_pacific,lower_secondary,social_science
/png_pacific/lower_secondary/social_science2,png_pacific,lower_secondary,social_science2
/png_pacific/lower_secondary/science,png_pacific,lower_secondary,science
/png_pacific/upper_secondary,png_pacific,upper_secondary,upper_secondary
/png_pacific/upper_secondary/language2,png_pacific,upper_secondary,language2
/png_pacific/upper_secondary/language3,png_pacific,upper_secondary,language3
/png_pacific/upper_secondary/language,png_pacific,upper_secondary,language
/png_pacific/atlases_and_dictionaries,png_pacific,atlases_and_dictionaries,atlases_and_dictionaries
/png_pacific/atlases_and_dictionaries/atlases,png_pacific,atlases_and_dictionaries,atlases
/png_pacific/atlases_and_dictionaries/png_dictionaries,png_pacific,atlases_and_dictionaries,png_dictionaries
/dictionaries_and_reference/Australian_Dictionaries_and_Thesauruses,dictionaries_and_reference,Australian_Dictionaries_and_Thesauruses,Australian_Dictionaries_and_Thesauruses
/dictionaries_and_reference/Australian_Dictionaries_and_Thesauruses/primary,dictionaries_and_reference,Australian_Dictionaries_and_Thesauruses,primary
/dictionaries_and_reference/Australian_Dictionaries_and_Thesauruses/secondary,dictionaries_and_reference,Australian_Dictionaries_and_Thesauruses,secondary
/dictionaries_and_reference/Australian_Dictionaries_and_Thesauruses/home_and_office,dictionaries_and_reference,Australian_Dictionaries_and_Thesauruses,home_and_office
/dictionaries_and_reference/Australian_Dictionaries_and_Thesauruses/lexical_reference,dictionaries_and_reference,Australian_Dictionaries_and_Thesauruses,lexical_reference
/dictionaries_and_reference/nz_dic_and_thes_new_pages,dictionaries_and_reference,nz_dic_and_thes_new_pages,nz_dic_and_thes_new_pages
/dictionaries_and_reference/nz_dic_and_thes_new_pages/primary,dictionaries_and_reference,nz_dic_and_thes_new_pages,primary
/dictionaries_and_reference/nz_dic_and_thes_new_pages/secondary,dictionaries_and_reference,nz_dic_and_thes_new_pages,secondary
/dictionaries_and_reference/nz_dic_and_thes_new_pages/home_and_office,dictionaries_and_reference,nz_dic_and_thes_new_pages,home_and_office
/dictionaries_and_reference/nz_dic_and_thes_new_pages/maori_reference,dictionaries_and_reference,nz_dic_and_thes_new_pages,maori_reference
/dictionaries_and_reference/dictionariesUK,dictionaries_and_reference,dictionariesUK,dictionariesUK
/dictionaries_and_reference/dictionariesUK/primary_school_ages_5-10,dictionaries_and_reference,dictionariesUK,primary_school_ages_5-10
/dictionaries_and_reference/dictionariesUK/secondary_school_ages_10-18,dictionaries_and_reference,dictionariesUK,secondary_school_ages_10-18
/dictionaries_and_reference/dictionariesUK/home_office_and_study_adult,dictionaries_and_reference,dictionariesUK,home_office_and_study_adult
/dictionaries_and_reference/dictionariesUK/oxford_paperback_reference,dictionaries_and_reference,dictionariesUK,oxford_paperback_reference
/dictionaries_and_reference/dictionariesUK/oxford_english_dictionary,dictionaries_and_reference,dictionariesUK,oxford_english_dictionary
/dictionaries_and_reference/dictionariesUK/bilingual,dictionaries_and_reference,dictionariesUK,bilingual
/dictionaries_and_reference/dictionariesUK/dictionaries_for_english_learners,dictionaries_and_reference,dictionariesUK,dictionaries_for_english_learners
/dictionaries_and_reference/ozwords,dictionaries_and_reference,ozwords,ozwords
"/academic,_professional_and_general/academic_and_professional","academic,_professional_and_general",academic_and_professional,academic_and_professional
"/academic,_professional_and_general/academic_and_professional/new_and_featured_academic_and_professional_books","academic,_professional_and_general",academic_and_professional,new_and_featured_academic_and_professional_books
"/academic,_professional_and_general/academic_and_professional/australian_and_new_zealand_authors","academic,_professional_and_general",academic_and_professional,australian_and_new_zealand_authors
"/academic,_professional_and_general/academic_and_professional/practitioner_medicine","academic,_professional_and_general",academic_and_professional,practitioner_medicine
"/academic,_professional_and_general/academic_and_professional/professional_law","academic,_professional_and_general",academic_and_professional,professional_law
"/academic,_professional_and_general/general","academic,_professional_and_general",general,general
"/academic,_professional_and_general/general/new_and_featured_titles","academic,_professional_and_general",general,new_and_featured_titles
"/academic,_professional_and_general/general/firstworldwarcentenary","academic,_professional_and_general",general,firstworldwarcentenary
"/academic,_professional_and_general/general/australian_and_new_zealand_authors","academic,_professional_and_general",general,australian_and_new_zealand_authors
"/academic,_professional_and_general/general/oxford_worlds_classics_owc","academic,_professional_and_general",general,oxford_worlds_classics_owc
"/academic,_professional_and_general/general/very_short_introductions_vsi","academic,_professional_and_general",general,very_short_introductions_vsi
"/academic,_professional_and_general/general/link_to_oup_uk_site_for_rest_of_titles2","academic,_professional_and_general",general,link_to_oup_uk_site_for_rest_of_titles2
"/academic,_professional_and_general/childrens_titles","academic,_professional_and_general",childrens_titles,childrens_titles
"/academic,_professional_and_general/journals","academic,_professional_and_general",journals,journals
"/academic,_professional_and_general/printed_music","academic,_professional_and_general",printed_music,printed_music
